{"model_name":"XGBoost","accuracy":0.9590800478,"precision":0.8907407407,"recall":0.8604651163,"f1":0.8753412193,"roc_auc":0.9653144766,"pr_auc":0.9391855516}